{
  "version": 1,
  "author": "Anonymous maker",
  "editor": "wokwi",
  "parts": [
    { "type": "board-esp32-devkit-c-v4", "id": "esp", "top": 76.8, "left": -62.36, "attrs": {} },
    {
      "type": "wokwi-led",
      "id": "led1",
      "top": -99.6,
      "left": -53.8,
      "attrs": { "color": "limegreen" }
    },
    {
      "type": "wokwi-led",
      "id": "led2",
      "top": -99.6,
      "left": 13.4,
      "attrs": { "color": "yellow" }
    },
    { "type": "wokwi-led", "id": "led3", "top": -99.6, "left": 51.8, "attrs": { "color": "red" } },
    {
      "type": "wokwi-resistor",
      "id": "r1",
      "top": 24,
      "left": 47.45,
      "rotate": 90,
      "attrs": { "value": "1000" }
    },
    {
      "type": "wokwi-resistor",
      "id": "r2",
      "top": 24,
      "left": -58.15,
      "rotate": 90,
      "attrs": { "value": "1000" }
    },
    {
      "type": "wokwi-resistor",
      "id": "r3",
      "top": 24,
      "left": 18.65,
      "rotate": 90,
      "attrs": { "value": "1000" }
    },
    {
      "type": "wokwi-pushbutton",
      "id": "btn1",
      "top": 169.4,
      "left": -182.4,
      "attrs": { "color": "green", "xray": "1" }
    },
    {
      "type": "wokwi-pushbutton",
      "id": "btn2",
      "top": 111.8,
      "left": -182.4,
      "attrs": { "color": "green", "xray": "1" }
    },
    {
      "type": "wokwi-pushbutton",
      "id": "btn3",
      "top": 54.2,
      "left": -182.4,
      "attrs": { "color": "green", "xray": "1" }
    },
    { "type": "wokwi-junction", "id": "j1", "top": 158.4, "left": -216, "attrs": {} }
  ],
  "connections": [
    [ "esp:TX", "$serialMonitor:RX", "", [] ],
    [ "esp:RX", "$serialMonitor:TX", "", [] ],
    [ "led1:C", "esp:GND.2", "black", [ "v0" ] ],
    [ "led2:C", "esp:GND.2", "black", [ "v86.4", "h-76.4" ] ],
    [ "led3:C", "esp:GND.2", "black", [ "v0" ] ],
    [ "led1:A", "r2:1", "cyan", [ "v0" ] ],
    [ "r2:2", "esp:19", "cyan", [ "h0", "v37.2" ] ],
    [ "r3:2", "esp:18", "green", [ "h0", "v46.8" ] ],
    [ "r1:2", "esp:17", "yellow", [ "h0", "v66" ] ],
    [ "led3:A", "r1:1", "yellow", [ "v0" ] ],
    [ "led2:A", "r3:1", "green", [ "v0" ] ],
    [ "btn3:1.r", "esp:33", "green", [ "v0", "h38.6", "v76.8" ] ],
    [ "esp:35", "btn2:1.r", "green", [ "h-28.65", "v-28.8", "h-9.6" ] ],
    [ "esp:32", "btn1:1.r", "green", [ "h-19.05", "v19.2" ] ],
    [ "btn1:2.r", "esp:GND.1", "green", [ "h19.4", "v29" ] ],
    [ "btn3:2.r", "j1:J", "green", [ "h19.4", "v19.4", "h-105.6" ] ],
    [ "j1:J", "esp:GND.1", "green", [ "v0" ] ],
    [ "btn2:2.r", "j1:J", "green", [ "h9.8", "v19.4" ] ]
  ],
  "dependencies":{}
}
